Domain,Popularity,Country,IP,Language,Address,Email,Technology,Version
elm-lang.org,31475,US,104.198.14.52,en,,,Elm,
iwantmyname.com,36354,US,104.225.9.84,en,,chall@centralnic.com,Elm,
hatemogi.com,66293,US,185.199.111.153,it,,,Elm,
concourse-ci.org,119422,US,185.199.111.153,en,,,Elm,
package.elm-lang.org,155064,US,45.55.106.189,sv,,,Elm,
www.openluchtmuseum.nl,167097,NL,83.98.140.23,en,,,Elm,
guida.mostrascientifica.it,194468,FR,54.37.224.33,it,,,Elm,
www.invest-nl.nl,284517,US,172.67.68.171,en,,,Elm,
www.sportsgamblingpodcast.com,377183,US,192.124.249.20,en,"Mailing Address:, LIR Industries, LLC, 848 N. Rainbow Blvd. #3889, Las Vegas, NV 89107",,Elm,
www.maandvandegeschiedenis.nl,518437,NL,83.98.140.20,nl,,maand@openluchtmuseum.nl,Elm,
www.collectiegelderland.nl,610578,NL,83.98.140.23,nl,,,Elm,
www.muziekinstrumentenfonds.nl,711972,NL,83.98.140.23,nl,,,Elm,
cie.nl,1362414,NL,83.98.140.23,en,,,Elm,
www.oorlogslevens.nl,1419862,NL,83.98.140.23,en,,,Elm,
json.dev,1539655,US,185.199.110.153,en,,,Elm,
vanbruun.com,1627151,SE,185.157.221.228,de,,,Elm,
docspell.org,1774278,US,185.199.108.153,en,,,Elm,
thetapaslunchcompany.co.uk,2205329,FR,51.158.121.84,tl,,,Elm,
ultimate-tictactoe.live,2453944,US,185.199.109.153,en,,,Elm,
www.lendino.dk,2835020,US,54.216.252.255,,,,Elm,
soci.physical.pub,2882407,FR,54.37.224.33,en,,,Elm,
resource-types.concourse-ci.org,2963572,US,34.96.118.133,en,,,Elm,
googlekeybroker.na-1.dpondemand.io,3359086,US,35.226.156.83,,,,Elm,
fvar.unsoundscapes.com,4446345,US,185.199.108.153,fr,,,Elm,
herculestrophy.com,4471996,US,40.118.101.67,en,,,Elm,
project.concourse-ci.org,4659930,US,35.241.0.130,,,,Elm,
ezmt.anl.gov,5052445,US,104.18.221.75,en,,,Elm,
txgruppi.com,5715462,US,172.67.132.110,en,,txgruppi@gmail.com,Elm,
scylla.danilafe.com,6985173,US,104.236.9.120,,,,Elm,
dekoffiesalon.nl,7259803,US,104.21.35.136,nl,,,Elm,
gregarios.uk,7314393,US,213.146.173.149,en,,info@gregarios.co.uk,Elm,
www.findfinansiering.dk,7651440,US,99.86.74.22,da,,,Elm,
www.raamatuvahetus.ee,8140180,FI,94.237.33.118,et,,,Elm,
emptygraphics.com,8604906,AT,94.247.144.225,,,,Elm,
www.laborcoking.nl,8709538,US,52.73.153.209,nl,,,Elm,
klangraum-dumpf.com,9113663,DE,49.12.220.147,en,,,Elm,
prix.pro-immobilier.leboncoin.fr,9337243,US,13.227.66.17,de,,,Elm,
realfolk.com,9652375,US,104.248.106.174,en,,,Elm,
vsisk.io,9724503,US,192.30.252.154,en,,,Elm,
builtwithelm.co,9920758,US,104.198.14.52,en,,,Elm,
dumpf.com,10758451,CH,217.26.54.21,,,,Elm,
mildred.xmtp.net,11209828,US,98.32.67.23,en,,,Elm,
hotcable.es,11382702,FR,51.158.121.84,es,,,Elm,
re-finans.no,11441630,NO,194.63.249.212,no,"Middelthuns gate 21 C, 0368 Oslo",post@crewmedia.no,Elm,
www.equilar.nl,11516846,NL,83.98.140.23,nl,,info@equilar.nl,Elm,
knode.io,11607266,US,138.197.81.6,,,,Elm,
order.reju.jp,11869404,JP,153.127.250.160,,,,Elm,
elm-hnpwa.firebaseapp.com,12163552,US,199.36.158.100,en,,,Elm,
lucascarton.bonkdo.com,12796378,DE,116.203.0.159,en,"Contact-us: 9 Place de la Madeleine, 75008 Paris, France",lucascarton@bonkdo.com,Elm,
twitterlistmanager.com,13008246,DE,78.47.229.132,en,,,Elm,
labellebox.bonkdo.com,13059744,DE,116.203.0.159,fr,,support@mybeezbox.com,Elm,
contenta-elm.firebaseapp.com,13607656,US,199.36.158.100,es,,,Elm,
markdown.minilatex.app,13838878,US,138.197.81.6,en,,,Elm,
elm-starter.guupa.com,13960541,US,54.151.57.158,en,,,Elm,
tinypythonprojects.com,14870982,US,50.87.150.35,en,,,Elm,
scanfast.se,14948282,SE,185.157.222.194,sv,,,Elm,
crowdfunding.ida.dk,15555321,US,54.247.69.169,,,,Elm,
www.fairventures.ca,15610874,US,52.60.84.107,en,,,Elm,
shrinkalink.co,15670434,US,134.209.253.105,,,,Elm,
bromsgrovesnooker.co.uk,15871747,GB,91.232.148.204,,,,Elm,
maapss.org,15947831,US,178.128.207.214,,,,Elm,
xpilot.io,15987531,US,50.116.41.18,en,,,Elm,
www.nature-basedsolutions.com,16433608,NL,83.98.140.23,en,,,Elm,
play.drtsgame.com,17102989,US,165.22.64.165,de,,,Elm,
weathertldr.com,17363452,US,45.79.55.233,en,,,Elm,
www.bejoo.com,17863711,US,52.212.52.84,,,,Elm,
herculean.be,17866130,US,40.118.101.67,en,,,Elm,
agj.cl,17946165,US,192.232.249.140,en,,,Elm,
disopt.com,18304806,US,50.116.62.173,en,,contact@disopt.com,Elm,
www.rubenlieking.com,18532806,US,138.68.7.48,en,,,Elm,
eliteheat.plumbing,18677973,FR,51.158.121.84,en,,,Elm,
nope.rhg.dev,19254578,US,138.68.60.208,en,,,Elm,
elois.sosconsult.at,19493977,DE,92.51.150.179,,,,Elm,
ronanmccabe.app,19543071,US,54.241.68.193,es,,,Elm,
www.functionalj.io,20167630,US,69.163.157.24,en,,,Elm,
weightybirds.com,20694494,US,104.248.22.57,de,,,Elm,
superawesomefriends.com,22129852,US,204.48.30.255,en,"25 West 39th Street, 8th Floor, New York, NY 10018",hello@superawesomefriends.com,Elm,
app.geora.io,22629388,US,13.226.226.47,,,,Elm,
formacionmodular.es,23495744,FR,51.158.121.84,en,,,Elm,
mfreddit.app,24109588,US,207.154.203.82,en,,,Elm,
app.siiibo.com,24498958,US,52.85.202.72,ja,,,Elm,
app.panopti.dk,24693393,US,18.156.194.56,,,,Elm,
www.paniers-de-saison.com,24707127,US,154.41.66.22,,,,Elm,
tacticians.online,24934187,FR,90.2.7.12,en,,,Elm,
andrewberth.be,25631576,US,52.85.202.15,nl,,andrew@berth.be,Elm,
rssforward.com,26262488,US,104.21.6.204,,,,Elm,
dashboard.employeeengagement.be,26627587,US,40.118.101.67,en,,,Elm,
dashboard.employeeengagement.io,27581877,US,40.118.101.67,en,,,Elm,
www.igraycon.com,27741122,US,45.79.56.230,en,,,Elm,
search.isabelle.in.tum.de,28449480,DE,131.159.47.63,,,,Elm,
josefmerk.de,28863904,US,104.21.79.169,,,,Elm,
conference.naarpr.org,30236528,US,104.21.63.185,en,,,Elm,
steam-plus.eu,30407182,NL,77.94.249.37,en,,,Elm,
densanken.com,30975465,JP,118.27.35.217,zh-tw,,,Elm,
oorlogslevens.ginger-acceptatie.driebit.net,31174595,NL,83.98.140.23,en,,,Elm,
aurelius.co,32824755,US,192.30.252.154,en,,,Elm,
bewerbung.wiegand-glas.de,35934993,DE,185.38.9.179,de,,,Elm,
crew.herculean.be,36112007,US,40.118.101.67,nl,,,Elm,
www.tribal-wisdom.org,36213367,NL,83.98.140.23,en,,,Elm,
sylvainbrunerie.xyz,36539678,FR,54.38.184.182,fr,,sylvain.brunerie@gmail.com,Elm,
elm-tree.software.garden,36735935,US,35.185.44.232,en,,software-garden@tad-lispy.com,Elm,
resume.weblob.net,36759688,US,185.199.108.153,it,,,Elm,
www.airdriecurlingclub.ca,37330783,US,66.201.69.153,en,,info@airdriecurlingclub.ca,Elm,
jzxhuang.com,37625835,US,185.199.108.153,en,,,Elm,
demo.minilatex.app,38238551,US,138.197.81.6,de,,,Elm,
hask.no,38766938,US,172.67.161.121,,,,Elm,
mannaart.com,39010227,US,34.86.165.203,,,,Elm,
elkedagrekenen.nl,39034337,US,216.239.34.21,en,,,Elm,
www.meneerdewitheefthonger.nl,39133241,US,104.198.14.52,nl,,,Elm,
metaexpo.almat.iem.at,39324618,AT,193.170.191.183,,,,Elm,
twitter-replies.hoelz.ro,39525097,US,66.228.44.67,en,,,Elm,
casrc.suricata.la,39650849,US,159.203.109.15,en,,,Elm,
reader.minilatex.app,39982630,US,138.197.81.6,en,,jxxcarlson@gmail.com,Elm,
smaug.pool.pm,40165140,US,50.18.120.10,tl,,,Elm,
insitulab.pro,40577948,RU,92.53.114.123,,,,Elm,
vectual.org,40920048,US,54.241.68.193,,,,Elm,
idea-fight.hoelz.ro,40955761,US,66.228.44.67,en,,,Elm,
www.purelogic.no,41043530,US,104.198.14.52,,,,Elm,
its.katsupnfries.com,41175863,US,104.21.46.225,en,,,Elm,
app.fantasymath.com,41257913,US,138.68.235.89,,,,Elm,
danielkrasner.com,41758740,US,206.81.8.101,en,,,Elm,
podcast-analytics-prototype.ustudio.com,42025469,US,151.101.1.132,en,,,Elm,
mybuddymichael.com,42155562,US,151.101.1.195,,,,Elm,
dashboard.employeeengagement.ae,43026775,US,40.118.101.67,en,,,Elm,
macbang.us,43027221,US,104.21.12.228,en,,,Elm,
usedgravitrons.com,43342925,US,76.76.21.21,,,,Elm,
elm-resources.guupa.com,43413794,US,52.52.138.60,fr,,,Elm,
lucamug.guupa.com,43413795,US,138.68.235.89,en,,,Elm,
mekke.guupa.com,43413796,US,54.241.68.193,en,,,Elm,
thecpc.sourcingcloud.com,44913390,GB,164.134.3.83,en,,support@sourcingcloud.com,Elm,
avlsplan.geno.no,45243086,US,13.226.228.101,sl,,,Elm,
chess-vision.steeve.io,45443147,US,184.72.37.151,en,,,Elm,
www.louizameiking.com,45934088,US,54.151.57.158,en,,,Elm,
html-to-elm.com,46275989,US,184.72.19.87,en,,,Elm,
chmeee.org,46277626,NL,84.22.97.30,en,,,Elm,
idealmachinery.com,46591007,US,34.233.166.58,en,,,Elm,
galander.suricata.la,46642760,US,159.203.109.15,en,,,Elm,
elm.dmy.fr,46820664,DE,78.47.195.194,sv,,,Elm,
datamascara.com,47264172,US,104.21.62.27,en,,,Elm,
plata.m.ie.mk,48342285,US,185.199.108.153,mk,,,Elm,
justmetme.com,49752279,US,199.188.200.48,en,,,Elm,
maliekeenco.be,50053207,NL,185.182.59.46,en,,,Elm,
weatherroute.io,50422246,US,13.227.66.103,en,,,Elm,
miracle2.mirai-es.com,50429477,JP,219.94.129.42,,,,Elm,
datalog.bytes.zone,50461421,US,167.99.156.113,,,,Elm,
elo.bytes.zone,51036740,US,167.99.156.113,,,,Elm,
www.fantasymonday.com,51069130,US,52.204.121.99,,,,Elm,
www.tuesdaynightmiracle.com,51069133,US,167.172.136.193,,,,Elm,
shop.employeeengagement.be,51730106,US,40.118.101.67,en,,,Elm,
ambassadorsclub.herculeanalliance.be,51730107,US,40.118.101.67,en,,,Elm,
dayofru.com,51954983,NL,5.79.71.145,ru,,,Elm,
polar.skyforest.xyz,52154963,US,159.89.53.52,,,,Elm,
join-slack.builtwithfunk.com,52591872,CZ,185.93.1.243,,,,Elm,
minima.brianginsburg.com,52694236,US,54.240.169.51,,,,Elm,
be.herculean.coop,53415564,US,40.118.101.67,en,,,Elm,
mamikon.net,54295998,HU,212.52.182.137,en,,anna.bansaghi@gmail.com,Elm,
salmefelt.com,54664708,US,185.199.108.153,en,,,Elm,
archiv.ohlasy.info,55337025,US,76.76.21.21,cs,,,Elm,
elm-mark-demo.deedop.de,55916627,US,76.76.21.21,,,,Elm,
rio.suricata.la,56100145,US,159.203.109.15,en,,,Elm,
me.3digit.dev,56653657,US,151.101.1.195,de,,,Elm,
speng.bitforge.ca,57576175,US,173.255.215.50,en,,,Elm,
concourse.provendb.com,57740561,US,20.188.223.44,,,,Elm,
elm-greenwood.com,58217830,DE,78.47.195.194,en,,,Elm,
szabogergely.com,58314460,US,172.67.147.211,en,,,Elm,
www.gllvr.com,58345146,US,52.204.121.99,,,,Elm,
busywork.qiime2.org,58646637,US,134.114.117.183,,,,Elm,
code-change.nl,58806668,NL,84.22.97.30,en,,,Elm,
xn--michaelrtzel-ncb.com,59294587,US,206.189.56.201,,,,Elm,
thesis.madsbuch.com,59450215,US,68.183.29.183,en,,,Elm,
booklib.io,59653361,US,206.189.184.194,,,,Elm,
funklang.builtwithfunk.com,60671573,CZ,89.187.185.164,,,,Elm,
pricecards.builtwithfunk.com,60671574,GB,84.17.44.161,,,,Elm,
profilecard.builtwithfunk.com,60671575,GB,84.17.44.161,,,,Elm,
sign-up.builtwithfunk.com,60671576,CZ,89.187.185.163,,,,Elm,
dark.elm.dmy.fr,60671579,DE,78.47.195.194,sv,,,Elm,
water.philwade.org,61889875,US,108.59.4.161,en,,,Elm,
alpha.cafe,62880893,US,206.189.211.6,en,,,Elm,
camarademachadinho.ro.gov.br,63041097,US,165.227.109.149,pt,,,Elm,
mi.within.website,63288564,US,104.21.11.110,en,,,Elm,
code.osteele.com,64065718,US,184.72.37.151,en,,,Elm,
marketingtrophy.be,64274968,US,40.118.101.67,en,,,Elm,
www.sc-trainer.com,64313549,US,104.21.61.85,en,,,Elm,
moneroinvestor.com,64404583,DE,95.217.131.84,,,,Elm,
oppai.ninja,64857108,US,172.67.153.147,fi,,,Elm,
superheterodyne.net,64898101,US,50.116.2.208,en,,art.yerkes@gmail.com,Elm,
renalremission.com,65169934,CA,204.44.192.37,,,,Elm,
todo.newcurrent.se,65317566,US,138.68.235.89,pt,,,Elm,
proportal.itpro.tv,65537312,US,13.226.210.54,pt,,,Elm,
passwordngine.becloudit.io,66134866,US,52.219.105.212,,,,Elm,
cieassist.nl,66587003,NL,83.98.140.23,en,,,Elm,
www.saasyoulater.com,67158081,US,184.72.37.151,id,,,Elm,
elm-bystander.temochka.com,67666657,US,159.203.68.102,,,,Elm,
savannahkumar.org,67866816,US,52.217.168.61,,,,Elm,
xn--80afoosafcdxc.xn--p1ai,67909153,RU,176.115.131.89,,,,Elm,
stitchyourphoto.com,68250870,US,13.226.226.6,,,,Elm,
diypool.dev,68294783,US,54.241.68.193,af,,,Elm,
plotter-otter.com,68452815,US,76.76.21.21,,,,Elm,
elm-physics-example.guupa.com,69287812,US,138.68.7.48,en,,,Elm,
jeremymcclintock.com,69755729,US,107.180.50.229,,,,Elm,
labancliff.com,70090998,US,35.230.9.83,,,,Elm,
zlu.me,70590149,US,45.55.204.219,,,,Elm,
awards.herculeanalliance.be,70740467,US,40.118.101.67,nl,,,Elm,
www.vivienhartmann.de,71212075,DE,89.238.73.58,de,,,Elm,
marchetti-engine.com,74000485,US,68.65.120.237,en,,,Elm,
interview-coach.exactimo.com,74453485,US,54.241.246.27,en,,,Elm,
www.roomr.no,76263094,US,99.84.206.11,no,"Roomr AS, Lars Hilles gate 30, Bergen, Vestland, 5008, NO",nikolai@roomr.no,Elm,
taxcalculator.fingercheck.com,77794464,US,54.243.33.253,en,,,Elm,
mannasilks.com,78190277,US,34.86.165.203,,,,Elm,
willisplummer.com,79050377,US,185.199.108.153,en,,,Elm,
generics.jasperwoudenberg.com,79877325,US,54.241.246.27,en,,,Elm,
new.aaronstrick.com,79883979,US,76.76.21.21,,,,Elm,
thepridegames.com,80111223,US,40.118.101.67,nl,,,Elm,
iter.at,80445600,US,35.195.169.101,en,,,Elm,
dex.3digit.dev,82218241,US,151.101.1.195,en,,,Elm,
www.hswsnc.com,82543867,IT,89.46.109.32,it,,,Elm,
mayanfruits.com,82637936,US,67.222.154.14,unknown,,,Elm,
www.mayanfruits.com,82637936,US,67.222.154.14,unknown,,,Elm,
serious-lunch.com,83325801,US,54.240.169.70,en,,,Elm,
www.graphly.org,83922642,US,185.199.109.153,en,,,Elm,
stockfaces.com,84157769,US,104.236.199.143,en,,,Elm,
doorcloor.co.uk,84757940,FR,51.158.121.84,en,,,Elm,
medamask.co.uk,84757942,FR,51.158.121.84,id,,,Elm,
music-reader.com,85782453,US,173.232.146.173,en,,,Elm,
paronglans.com,85845203,US,178.62.91.8,en,,,Elm,
ud.ci.gpdb.pivotal.io,86029342,US,104.197.181.162,,,,Elm,
det-blev-ingen-cd.com,87136880,US,216.239.32.21,sv,,,Elm,
mineplace.social,87521212,US,167.71.177.80,en,,GibGoyGames@gmail.com,Elm,
elm-yahtzee.kappasoft.net,87521526,GB,62.182.20.40,de,,,Elm,
www.umbrafex.com,89839754,US,185.199.108.153,,,,Elm,
rosvit.com,92884600,US,35.185.44.232,,,,Elm,
muchik.net,93851956,US,185.199.108.153,es,,,Elm,
zknotes.com,94008473,US,173.232.146.173,,,,Elm,
spotify-backup.drako.guru,98494108,DE,176.9.38.55,,,,Elm,
prod.ci.gpdb.pivotal.io,98769195,US,35.202.166.118,,,,Elm,
janiczek-ellies.builtwithdark.com,98888817,US,35.227.208.117,es,,,Elm,
server101.suricata.la,101650915,US,159.203.109.15,en,,,Elm,
apotheraspecialtypharmacy.com,102442724,US,52.85.202.34,,,,Elm,
these8bits.com,102610585,US,185.199.111.153,,,,Elm,
linkbeep.com,102667791,NL,136.144.231.156,,,,Elm,
sparadon.com,102744062,FR,51.15.61.89,en,,,Elm,
quartermaster.fyi,102928285,US,3.141.145.172,en,,,Elm,
relatorio-catarse.serenata.ai,104125471,US,138.68.61.186,pt,,,Elm,
minilatex.app,104130641,US,138.197.81.6,en,,jxxcarlson@gmail.com,Elm,
pokedex.pabloproductions.be,104315679,US,35.185.44.232,af,,,Elm,
brandman.ca,104537464,US,66.111.4.53,sv,,,Elm,
adequation-cantonale.ch,104613772,DE,88.198.148.60,fr,,,Elm,
directplumbingsupplies.com,106248255,FR,51.158.121.84,en,,,Elm,
elm-spa-example.guupa.com,106757498,US,54.241.68.193,en,,,Elm,
elm-todomvc.guupa.com,106757499,US,138.68.60.208,en,,,Elm,
permaculturemochizuki.com,107986002,US,172.67.167.151,ja,,,Elm,
www.tabinator.com,108671485,US,138.68.50.15,en,,,Elm,
luke.tsekouras.com,108898983,US,52.64.13.223,tr,,,Elm,
votesquared.com,109033952,US,64.225.60.93,,,,Elm,
3nt3.de,109357229,DE,116.202.97.133,,,,Elm,
iefctfrentree.fr,110009092,FR,213.186.33.24,fr,,julie.fevre@compagnonsdutourdefrance.org,Elm,
dhruv.io,110286930,US,159.203.50.247,en,,,Elm,
www.dhruv.io,110286930,US,76.76.21.21,,,,Elm,
seqcalc.io,110294462,US,172.67.143.180,es,,,Elm,
foremny.me,110571338,DE,188.34.158.248,en,,,Elm,
feuerx.net,110715102,SG,139.59.188.189,en,,,Elm,
yoelis.net,110898030,US,161.35.60.200,es,,,Elm,
litenaert.proaktiv.no,111065043,US,52.29.241.35,nb,,,Elm,
psadt.sau-net.org,111266202,BR,191.232.178.15,es,,sau@sau-net.org,Elm,
bi-beacon.se,111716296,SE,93.188.2.51,en,,,Elm,
www.safetop.se,111747531,SE,185.102.213.197,sv,,support@safetop.se,Elm,
a-b.sh,111766151,US,185.199.111.153,,,,Elm,
pwrpr.co.uk,112074776,FR,51.158.121.84,id,,,Elm,
devarim.app,112294744,US,104.21.6.78,en,,,Elm,
elizabeth-anne-wright.com,112834436,US,192.30.252.153,en,,earimmington@live.com,Elm,
tenetservices.multiquote.com,113109163,GB,164.134.3.83,en,,sourcingsupport@elcom.com,Elm,
sakuenglishcafe.com,113235482,US,172.67.194.27,ja,,,Elm,
dev.ci.gpdb.pivotal.io,113674861,US,35.193.23.169,,,,Elm,
math.z0.lv,113737490,US,185.199.108.153,en,,,Elm,
paces.pjam.me,113742204,US,34.204.131.44,,,,Elm,
pitch.bzzt.net,113765642,US,185.199.108.153,en,,,Elm,
boerevlist.nl,113833886,DE,168.119.242.143,nl,,,Elm,
cometogary.org,113877140,US,68.183.27.198,en,,,Elm,
bolster.pro,113934451,US,52.73.153.209,en,,,Elm,
crossword.wfl.space,114006895,US,172.67.208.182,nl,,,Elm,
james.thecolliers.xyz,114094254,US,185.199.108.153,,,,Elm,
